<?xml version="1.0" encoding="UTF-8"?>
<launch4jConfig>
  <dontWrapJar>false</dontWrapJar>
  <headerType>gui</headerType>
  <jar>C:\Users\Ben\Documents\GitHub\ThoughtsForGary\ThoughtsForGaryBusey\dist\BuseyThoughts.jar</jar>
  <outfile>C:\Users\Ben\Documents\Thoughts for Gary\ThoughtsForGary.exe</outfile>
  <errTitle></errTitle>
  <cmdLine></cmdLine>
  <chdir>.</chdir>
  <priority>normal</priority>
  <downloadUrl>http://java.com/download</downloadUrl>
  <supportUrl></supportUrl>
  <stayAlive>false</stayAlive>
  <manifest></manifest>
  <icon>C:\Users\Ben\Documents\GitHub\ThoughtsForGary\ThoughtsForGaryBusey\icon.ico</icon>
  <jre>
    <path>jre</path>
    <bundledJre64Bit>true</bundledJre64Bit>
    <minVersion></minVersion>
    <maxVersion></maxVersion>
    <jdkPreference>preferJre</jdkPreference>
    <runtimeBits>64/32</runtimeBits>
  </jre>
</launch4jConfig>